<?xml version="1.0"?>
<!DOCTYPE hibernate-mapping PUBLIC 
"-//Hibernate/Hibernate Mapping DTD 3.0//EN"
"http://hibernate.sourceforge.net/hibernate-mapping-3.0.dtd">
<hibernate-mapping>
	<class name="model.ToDoListItem" table="Item">
		<id name="id" type="int" column="ID">
			<generator class="increment" />
		</id>
		<property name="title">
			<column name="TITLE" />
		</property>
		<property name="description">
			<column name="DESCRIPTION" />
		</property>
		<property name="userId">
			<column name="USER_ID" />
		</property>
		<property name="status">
			<column name="STATUS" />
		</property>
	</class>
	<class name="model.User" table="USER">
		<id name="userId" type="int" column="ID">
		</id>
		<property name="userName">
			<column name="FIRST_NAME" />
		</property>
		<property name="userLastName">
			<column name="LAST_NAME" />
		</property>
		<property name="Password">
			<column name="PASSWORD" />
		</property>
	</class>
</hibernate-mapping>